{
	"format_version": "1.8.0",
	"animations": {
		"tardis.animation.spawn": {
			"loop": "hold_on_last_frame",
			"animation_length": 1,
			"bones": {
				"tardis": {
					"rotation": {
						"0.0": [0, 720, 0],
						"0.1": [0, 713.02192, 0],
						"0.2": [0, 690.74286, 0],
						"0.3": [0, 650.82293, 0],
						"0.4": [0, 590.67361, 0],
						"0.5": [0, 507.86061, 0],
						"0.6": [0, 401.41633, 0],
						"0.7": [0, 275.24807, 0],
						"0.8": [0, 144.74193, 0],
						"0.9": [0, 41.39875, 0],
						"1.0": [0, 0, 0]
					},
					"scale": {
						"0.0": [0, 0, 0],
						"0.1": [-0.00112, -0.00112, -0.00112],
						"0.2": [0.08695, 0.08695, 0.08695],
						"0.3": [0.25432, 0.25432, 0.25432],
						"0.4": [0.45421, 0.45421, 0.45421],
						"0.5": [0.6374, 0.6374, 0.6374],
						"0.6": [0.78176, 0.78176, 0.78176],
						"0.7": [0.88509, 0.88509, 0.88509],
						"0.8": [0.95216, 0.95216, 0.95216],
						"0.9": [0.98876, 0.98876, 0.98876],
						"1.0": [1, 1, 1]
					}
				}
			}
		},
		"tardis.animation.despawn": {
			"loop": "hold_on_last_frame",
			"animation_length": 1,
			"bones": {
				"tardis": {
					"rotation": {
						"0.0": [0, 0, 0],
						"0.1": [0, -36.01548, 0],
						"0.2": [0, -137.19629, 0],
						"0.3": [0, -267.90366, 0],
						"0.4": [0, -395.42882, 0],
						"0.5": [0, -503.53415, 0],
						"0.6": [0, -587.88362, 0],
						"0.7": [0, -649.26785, 0],
						"0.8": [0, -690.06405, 0],
						"0.9": [0, -712.85589, 0],
						"1.0": [0, -720, 0]
					},
					"scale": {
						"0.0": [1, 1, 1],
						"0.1": [0.93058, 0.93058, 0.93058],
						"0.2": [0.80188, 0.80188, 0.80188],
						"0.3": [0.62763, 0.62763, 0.62763],
						"0.4": [0.44574, 0.44574, 0.44574],
						"0.5": [0.29001, 0.29001, 0.29001],
						"0.6": [0.17198, 0.17198, 0.17198],
						"0.7": [0.08957, 0.08957, 0.08957],
						"0.8": [0.03697, 0.03697, 0.03697],
						"0.9": [0.00863, 0.00863, 0.00863],
						"1.0": [0, 0, 0]
					}
				}
			}
		},
		"tardis.animation.door_open": {
			"loop": "hold_on_last_frame",
			"animation_length": 0.5,
			"bones": {
				"left_door": {
					"rotation": {
						"0.0": [0, 0, 0],
						"0.5": [0, -90, 0]
					}
				},
				"right_door": {
					"rotation": {
						"0.0": [0, 0, 0],
						"0.5": [0, 90, 0]
					}
				}
			}
		},
		"tardis.animation.door_close": {
			"loop": "hold_on_last_frame",
			"animation_length": 0.5,
			"bones": {
				"left_door": {
					"rotation": {
						"0.0": [0, -90, 0],
						"0.5": [0, 0, 0]
					}
				},
				"right_door": {
					"rotation": {
						"0.0": [0, 90, 0],
						"0.5": [0, 0, 0]
					}
				}
			}
		}
	},
	"geckolib_format_version": 2
}